Story Title,Author Name,Published Date,State,Theme,Story ID,Status,Deleted
'Afroz' became 'Afroz' after enduring hardships,India Story Project,,Uttar Pradesh,Environment | Food,3ba070e8-fa8f-4281-a454-e30b6809757a,Published,No
'Good sign' for the country,India Story Project,,Maharashtra,History | Spirituality,9629f761-a59a-4e94-84dc-e6080317d7b0,Published,No
'Jungle Habitat' in the city,India Story Project,,Madhya Pradesh,Science | Wildlife | Spirituality | Environment | Food,ae60ca9d-5082-4c61-8fe8-d8f9d3a0740b,Published,No
'Surma Bhopali' of farmers,India Story Project,,Madhya Pradesh,Science | Culture | Innovation | Spirituality | Art | Environment | Technology | Food,dc6e0fe9-c15f-43a3-93a1-f0e2c689e143,Published,No
A boon for the paralysed,India Story Project,,Andhra Pradesh,,b8dca12b-b443-4cc5-800c-3eadb9c0a686,Published,No
A Doctor Who Chose the Village Over the City,India Story Project,,Bihar,,af6a2bc5-5912-42d7-9a16-d930ba4f954f,Published,No
A friend of animals in need,India Story Project,,Rajasthan,,8e6c47c6-49e9-4fa0-b26d-912a5f833e2b,Published,No
A friend of the Voiceless,India Story Project,,Rajasthan,,3352fd29-3d47-4965-863c-b90198c8eeae,Published,No
A guardian angel of butterflies in uniform,India Story Project,,Arunachal Pradesh,,99206771-41b9-4623-9453-760b53abe3f6,Published,No
A monk scripting newer paradigms in agriculture,India Story Project,,Gujarat,,6c089901-d59e-46bd-aad0-de1d055238c9,Published,No
A spice revolution brewing in Indore,India Story Project,,Madhya Pradesh,Heritage,540cae7d-8d8a-4025-87b7-17dab70bbd9b,Published,No
A survivor like none,India Story Project,,Andhra Pradesh,Heritage,715d0ced-02b6-4742-aab6-37ebad649b8a,Published,No
A young ambidextrous wizard,India Story Project,,Karnataka,Heritage,f539cbac-2359-4507-8752-b59d9173ed0a,Published,No
Acharya 'Dasi' in the service of buffalo,India Story Project,,Gujarat,Environment,3e7623ee-4899-4f79-b8a1-ac4528a593b1,Published,No
Actors were shown the path by martyred 'Bhakt'.,India Story Project,,Gujarat,Heritage | Science | Culture | Spirituality | Environment,b921cef3-daf3-40f0-b461-95bbfda3a4e1,Published,No
Actors were shown the path by martyred 'Bhakt'.,India Story Project,,Gujarat,Heritage | Science | Culture | Spirituality | Environment,6d3933f4-0023-4cf4-9154-0ce9bd94bfd2,Published,No
Aditya on the journey of change,India Story Project,,Maharashtra,General,6b41a03d-11bc-4032-a3c2-1c71460b592f,Published,No
Affordable voice aid for needy,India Story Project,,Karnataka,Science | Innovation | Spirituality | Art | Environment | Technology,7ca293f7-0870-458b-9bfb-995071ab3399,Published,No
Agricultural Revolution in Neemuch,India Story Project,,Gujarat,Heritage | History | Innovation | Freedom Fighters | Wildlife | Spirituality | Environment | Technology | Food,4f1e38d2-07e0-4ded-aa27-17888c3a8992,Published,No
Air warrior turned activist,India Story Project,,Rajasthan,Heritage | Spirituality | Literature | Art | Environment,f5802ce1-b1ac-4aec-8284-3870d9c65ae5,Published,No
Ali Mir is an example,India Story Project,,Jammu and Kashmir,Heritage | Wildlife | Environment | Food,fcf8c23f-d9ee-4a97-8b68-3ab2ed637069,Published,No
An Alchemist of natural dyes,India Story Project,,Gujarat,Science | Culture | History | Architecture | Wildlife | Spirituality | Literature | Art | Technology | Festivals,7df512d7-be5f-4678-8940-82ed04889d80,Published,No
An effort for green energy,India Story Project,,Punjab,Heritage,5bf519f3-8b12-42b5-8343-13f61f214e3d,Published,No
An evangelist for fit and healthy India,India Story Project,,Madhya Pradesh,Science | Culture | Spirituality | Literature | Food,7d717aaf-c430-474d-918c-90118f9d6491,Published,No
An inspiring athlete like none,India Story Project,,Haryana,Freedom Fighters | Architecture | Art | Environment | Food,a5a3bd21-5f5a-4cbe-bf7a-27da8d5438f9,Published,No
An inspiring teacher,India Story Project,,Punjab,Science | Innovation | Architecture | Spirituality | Art | Environment,f61609e1-27c7-4889-ac64-86a37089a58d,Published,No
An orphan who is brewing success,India Story Project,,Assam,Culture | Spirituality | Art | Environment | Technology | Food,73efee9e-0b67-470b-bf1b-c0e7e8eb4c09,Published,No
Another name for passion and humanity is Bhagsetu.,India Story Project,,Gujarat,Wildlife | Art | Food,40690e92-fc76-44b2-8620-2d8ddc5982dd,Published,No
Another rebel from Ballia,India Story Project,,Assam,Spirituality | Environment,9a2ac988-b36e-40a3-b91a-bafb3272cb47,Published,No
Anything for education,India Story Project,,Gujarat,Spirituality | Art,1e188d3f-5901-486a-a311-a140a65b746a,Published,No
Archit is dedicated to the earth,India Story Project,,Bihar,Heritage | Science | History | Wildlife | Spirituality | Environment | Technology | Food,5ecaee0e-3d0b-433e-80f6-bc815f8b92fd,Published,No
Babita of change,India Story Project,,Chhattisgarh,Heritage | Wildlife | Environment | Technology,9baee4b2-7fc5-4c4e-9b52-597586fef2dc,Published,No
Bearer of local dialect and culture,India Story Project,,Madhya Pradesh,Science | Culture | Literature | Art,e7fdaf5a-3cf9-4309-9cc3-933604da9f63,Published,No
became an example,India Story Project,,Rajasthan,History,383cb435-0477-4a1b-ade8-bc93a07f72a6,Published,No
Becoming a source of green life,India Story Project,,Karnataka,Science | Culture | Architecture | Spirituality | Art | Environment | Food,37bee197-5229-44d5-a6b4-1829109e3ecc,Published,No
"Betrayed in love, destiny changed through hard work",India Story Project,,Gujarat,Innovation | Art,1fa25c7c-5eb5-4a57-b5f8-e539247e5c1e,Published,No
Big step for the environment,India Story Project,,Punjab,Heritage | Wildlife | Environment,7a6c15e8-63db-49c5-9267-33383c3e2733,Published,No
"Bino Devi, example of survival",India Story Project,,Manipur,Heritage | Culture | History | Wildlife | Spirituality | Literature | Art | Environment | Technology,b1803203-5f57-4cf5-ac12-96b30681fb50,Published,No
Blogger with a mission,India Story Project,,Delhi,Heritage | History | Freedom Fighters | Wildlife | Spirituality | Environment | Technology,863a8499-0b0b-485e-b9d0-7d7a1525d13f,Published,No
bread for every stomach,India Story Project,,Assam,Spirituality | Art | Environment | Food,df1c404f-52bf-4e1c-a8b6-0627cf8b9f55,Published,No
break the cage break the cage,India Story Project,,Rajasthan,History | Wildlife | Spirituality | Art,2e3a14e7-c851-4349-944b-682c976f715e,Published,No
breave heart,India Story Project,,Jharkhand,Heritage | Science | Culture | History | Freedom Fighters | Wildlife | Spirituality | Literature | Art | Environment,b1fd7841-9ed9-45a7-a554-f372c883b1e8,Published,No
Bringing happiness to parched villages,India Story Project,,Chhattisgarh,Heritage | Culture | Wildlife | Spirituality | Art | Environment | Technology,164f689e-4e8b-47ed-a47a-f11bcb3c0a67,Published,No
broken friend,India Story Project,,Nagaland,Science | Spirituality | Art,27781e57-ce52-45be-aef2-6209b31b6488,Published,No
Campaign to advance common heritage,India Story Project,,Jammu and Kashmir,Heritage | History | Freedom Fighters | Literature | Art | Food,3e328a53-5e4d-4fbb-b925-a9271b10948f,Published,No
Campaigner for good health as a national priority,India Story Project,,Goa,Science | Spirituality | Art,9a01dce6-b12d-486b-bedf-6e624e95cbad,Published,No
"Caring for river Sabarmati, a son from Haryana",India Story Project,,Gujarat,Heritage | Freedom Fighters | Wildlife | Art | Environment,22675122-45af-4d46-9740-2398d50eeb77,Published,No
Carving Wood to Glory,India Story Project,,Jammu and Kashmir,Heritage | Culture | Architecture | Wildlife | Art | Environment,14e643a0-9bbc-4d21-a170-9bacafde2f06,Published,No
Catch the rain campaign gets an icon,India Story Project,,Madhya Pradesh,Heritage | Science | Innovation | Wildlife | Spirituality | Art | Environment | Technology,259651ff-3fa2-4450-9b98-87f1558982c9,Published,No
change from bharatanatyam,India Story Project,,Tamil Nadu,History | Art,9b53ca87-c954-4d70-bef9-2f59ea79303e,Published,No
change is the biggest rule,India Story Project,,Gujarat,Culture | History | Spirituality | Environment | Technology | Food,9309e2ee-0dc3-4997-b001-0c6ccac5c52f,Published,No
clouds of change in banjar,India Story Project,,Jammu and Kashmir,Heritage | History | Freedom Fighters | Wildlife | Spirituality | Art | Environment | Food,7ff58c30-16eb-4713-b840-40025e3e8a92,Published,No
Colourist par excellence,India Story Project,,Karnataka,Heritage | Science | History | Freedom Fighters | Art | Environment | Technology | Festivals,c4ac56f4-b901-49f2-9995-f02d560ec1fd,Published,No
Combating sex trafficking head on,India Story Project,,Assam,Heritage | Architecture | Art | Environment | Technology,7ed82699-649f-4838-ae42-37c0b7a66fe8,Published,No
Coming Out as a Role Model,India Story Project,,Kerala,Heritage | Architecture | Spirituality | Literature | Environment | Technology,aa3e0cb6-e4ad-4ff1-a875-03402e1cf282,Published,No
Connecting lives and aspirations,India Story Project,,Uttar Pradesh,Heritage | Science | Architecture | Spirituality | Art | Environment | Technology | Festivals,f23f5535-2266-4cdc-8706-ccb84a117ccc,Published,No
Connecting nature and health with local food,India Story Project,,Tamil Nadu,Culture | Spirituality | Art | Environment | Technology | Food | Festivals,f865a137-e265-44ed-9cd2-77c6ed1243ec,Published,No
Connecting nature to economy,India Story Project,,Haryana,Heritage | Science | Culture | History | Innovation | Wildlife | Spirituality | Art | Environment | Technology | Food,6e07165c-9c33-4189-aa1d-9eebdd1b6265,Published,No
Conquering skies with wingsuit flying,India Story Project,,Delhi,Spirituality | Art,9b1040b5-4cf8-429f-8f8d-69f6b5bfc3a9,Published,No
Conserving a river and its people,India Story Project,,Madhya Pradesh,Heritage | Culture | Architecture | Wildlife | Literature | Art | Environment,c7954ca4-63d5-4c52-a5b1-37a02a965a57,Published,No
Conserving Culture and Generations,India Story Project,,Jammu and Kashmir,Heritage | Science | Culture | Freedom Fighters | Wildlife | Spirituality | Literature | Art | Environment | Technology,20f3e213-4f7e-4f6a-920a-06bb8f49a535,Published,No
Constable Than Singh: Example for society,India Story Project,,Delhi,Heritage | Literature,027d55f6-7fd9-48f5-b481-0ceea98be5e6,Published,No
Creating an Inclusive World,India Story Project,,Maharashtra,Heritage | Science | Culture | Spirituality | Art | Environment,30f1cd38-6cc0-4bed-8c4b-028dffd42530,Published,No
Cricket Guru Drona Gurcharan Singh,India Story Project,,Punjab,History,ab7536f0-4e2c-4058-af6e-0d115eaf94c9,Published,No
Crusader for public health,India Story Project,,Maharashtra,Heritage | Culture | Freedom Fighters | Wildlife | Spirituality | Art | Food | Festivals,cd285056-8a22-42a7-80b9-e05b6a41cc5a,Published,No
Cycling to the path of glory,India Story Project,,Manipur,History | Freedom Fighters | Environment | Technology,b6b94345-053a-4837-a393-462a80332d10,Published,No
Defeating hunger with empathy,India Story Project,,Kerala,Science | Architecture | Spirituality | Art | Environment | Technology | Food,432f660b-7ead-4618-8cc9-5ec79becc442,Published,No
"Delhi’s waterman, the matkawala",India Story Project,,Assam,Heritage | Freedom Fighters | Wildlife | Spirituality | Art | Environment | Technology,194706cf-8a4f-470a-bc83-1c4e6d2e6a55,Published,No
Devotion showed the way to change,India Story Project,,Madhya Pradesh,Architecture | Environment,e6cfb2d9-e454-4754-b191-806959f5b14d,Published,No
"Diamond, carrier of Indian culture",India Story Project,,Chhattisgarh,Heritage | Science | Culture | Innovation | Freedom Fighters | Spirituality | Literature | Art | Festivals,f92bf104-87ec-41af-823a-89f341bff563,Published,No
Dr. S.P. Mukherjee's story of a doctor who became a messiah,India Story Project,,Kerala,History | Art | Environment,8801ee45-8093-4c58-ab83-786a0db2fadd,Published,No
Duniya Murid Dilshad's,India Story Project,,Uttar Pradesh,Spirituality | Art,e4950647-36fd-4c52-9e43-8146e39265ae,Published,No
Education for transgenders in India,India Story Project,,Delhi,Heritage | Science | Wildlife | Spirituality | Art | Environment | Technology,2de14aed-d084-4a3f-8640-d457130ad78a,Published,No
Empowerment with fairtrade,India Story Project,,Andhra Pradesh,Heritage | Science | Culture | Freedom Fighters | Architecture | Spirituality | Art | Environment | Technology | Food,d5835d35-2421-4012-bc68-8e2ebdaf84b7,Published,No
Exploring ruins to conserve heritage and legends,India Story Project,,Haryana,Heritage | Culture | History | Architecture | Spirituality | Literature | Art | Environment,7404080a-ff44-416e-8ed8-dacce657ec03,Published,No
Faith and queerness find each other,India Story Project,,Andhra Pradesh,Science | Culture | Art | Environment | Technology,552a5fb0-74ae-4577-af11-31bbd31fa13f,Published,No
Farmers get profitable deal for farming,India Story Project,,Madhya Pradesh,Culture | History | Innovation | Spirituality | Environment | Technology | Food,a8f872c2-e918-4fbc-ae10-0adeb43828f7,Published,No
farming that produces pearls,India Story Project,,Daman and Diu,History | Spirituality | Food,47bce6c7-5b33-42fc-b88a-d9ed5176d045,Published,No
Fashion designer on a mission,India Story Project,,Delhi,Science | Innovation | Architecture | Spirituality | Art | Environment | Technology,e60ec2d0-d5f6-4cb2-9cae-139bc6c5f3a3,Published,No
Fighting against menstrual stigma,India Story Project,,Assam,Science | Spirituality | Literature | Art | Environment,cb92d565-df0d-4fad-b62a-e2bfe2fc4542,Published,No
Fighting for Men,India Story Project,,Delhi,Science | Spirituality | Art | Technology | Festivals,b8f175a0-d659-40a8-9999-b917e38a8ea9,Published,No
Fighting poverty with education,India Story Project,,Karnataka,Heritage | Science | History | Spirituality | Literature | Art | Environment,9d2d72b8-7241-4e28-934a-ff6f12358328,Published,No
final resolution ashish ashish,India Story Project,,Haryana,Science | Environment,2e3cadba-3abf-4ee7-8d14-e2cbe3df7832,Published,No
Flying high with confidence,India Story Project,,Jammu and Kashmir,History | Environment | Technology,9223f0c7-02e4-4648-818e-784ef277fba2,Published,No
Flying Queen of Darjeeling,India Story Project,,Haryana,Science | History | Spirituality | Art | Environment,08405a79-0916-4cf3-ac80-09bc681c9a47,Published,No
Foundation of education is strong engineer,India Story Project,,Gujarat,Heritage | Environment | Food,953d23d8-5ee0-46c4-886a-e9bb9ed1963b,Published,No
Funding Good Ideas,India Story Project,,Delhi,Innovation | Spirituality | Art | Environment | Technology,40061da6-70b4-4385-be28-7fda5e9ad688,Published,No
Gaurav Gambhir,India Story Project,,Bihar,Heritage | Wildlife | Spirituality | Environment,15f6618d-f19f-4b24-b3a3-8931f61d0d69,Published,No
Goldenweir of the Commonwealth Games,India Story Project,,West Bengal,General,9a512fb7-1579-43e2-971f-24fb1c6f744b,Published,No
good morning images,India Story Project,,Maharashtra,Culture | History | Freedom Fighters | Spirituality | Art,7ca7ed04-bcfb-4ebc-a5c5-4467088bac2f,Published,No
good morning images,India Story Project,,Maharashtra,Culture | History | Freedom Fighters | Spirituality | Art,f9d76461-0a65-49d3-8aaf-d8484c178125,Published,No
Grand campaign to convert Dehradun into Champa Aranya,India Story Project,,Bihar,Heritage | History | Wildlife | Spirituality | Environment | Food,8a42c6ad-f3dd-46f0-acf1-93ced7a75af2,Published,No
great gift for knowledge,India Story Project,,Gujarat,General,356ee51c-cffb-4775-8601-8ca76a384ee8,Published,No
Growing forests in busy urban jungles,India Story Project,,Gujarat,Heritage | Science | History | Wildlife | Spirituality | Art | Environment | Food | Festivals,c416a16c-085b-4756-83e2-eaaa67073405,Published,No
Guardian of Himalayas,India Story Project,,Delhi,Spirituality | Art | Environment,7a0b6052-1b57-4056-9f8c-0cacd042b5cd,Published,No
Hari Singh Gond Ka Pahad Jhoot Jazbaa,India Story Project,,Madhya Pradesh,Food,c741e78c-898d-42b8-ba4d-dcfcd4ba0f8a,Published,No
He gives everyone what he missed as a child,India Story Project,,Gujarat,Heritage | Science | Architecture | Art | Environment | Food,2141b8fa-a1a9-43e9-8f2e-1f5a7a92c3e3,Published,No
He is saving camels and deserts,India Story Project,,Maharashtra,Heritage | Wildlife | Spirituality | Art | Environment | Food,f0bd7bf1-a2ec-47b5-92d3-fdf33bbafc98,Published,No
He wants you to see the world which he hasn’t,India Story Project,,Kerala,Heritage | Science | Spirituality | Literature | Art | Environment | Technology | Festivals,90957f8d-841a-4f54-b9d7-b2df2b91a37f,Published,No
Himalayan laurels for a storyteller,India Story Project,,Goa,Heritage | Culture | Spirituality | Art | Environment | Technology | Festivals,e027595b-1600-4638-810b-5a2fed06d10b,Published,No
His trek is inspiring masses to donate blood,India Story Project,,Jammu and Kashmir,Science | Spirituality | Art | Environment | Food,9f7c713a-e5e4-44da-ae31-98b415241906,Published,No
Hoop dancing her way to everyone’s heart,India Story Project,,Haryana,Science | Culture | Spirituality | Art | Environment | Festivals,df1d4532-d9cc-48fe-90cb-2b807812e806,Published,No
If both hands are cut off then ask the tribals to write their destiny.,India Story Project,,Haryana,Environment,0b9495b0-63ca-4c94-bcfa-32bf154ae9b2,Published,No
Imparting good health and farm-skills,India Story Project,,Maharashtra,Science | Culture | Wildlife | Spirituality | Art | Environment | Technology | Food,24627397-e96c-4590-abd8-57a62280e299,Published,No
India’s finest shotgun shooter,India Story Project,,Uttar Pradesh,History | Spirituality | Art | Environment,9c2d9795-f1a3-4d21-b249-f72fe1e93c9b,Published,No
"India’s golden boy, the mascot of valour and courage",India Story Project,,Maharashtra,Heritage | Science | History | Spirituality | Art | Environment | Technology,e2df4e87-7126-4709-978e-ccba1ab6ffca,Published,No
India’s Millet Queen,India Story Project,,Madhya Pradesh,Heritage | Science | Wildlife | Art | Environment | Technology | Food,64ece987-6cfd-48b3-98c4-1c80da6302eb,Published,No
India’s transgender pilot,India Story Project,,Kerala,Heritage | Science | Spirituality | Art | Environment | Technology | Food,52226ee8-8970-4146-81c6-341263768e73,Published,No
Indian and the Probability Theory,India Story Project,,Tamil Nadu,Science | History | Spirituality | Art | Environment | Technology,07ae33b0-be4c-4dd2-958c-e252c0c53098,Published,No
Indian motorsports queen,India Story Project,,Karnataka,History | Art | Technology,75ec165f-397d-4edf-86a5-3d3f598d1208,Published,No
Indian YouTubers Standup for Africa,India Story Project,,Kerala,Heritage | Literature | Art | Environment,209dc29c-e08b-43ea-ac5d-05b5794eee77,Published,No
"Indian-American, the Father of Digital Images",India Story Project,,Karnataka,Heritage | Science | History | Architecture | Spirituality | Literature | Art | Environment | Technology,ec05138c-5271-4677-bc1a-000620070440,Published,No
Innovative farm leader,India Story Project,,Assam,Science | Culture | Innovation | Art | Environment | Food,96d3cae8-9eb6-4ea8-b20f-3d0e435d39fb,Published,No
Innovative farmer from Rajasthan,India Story Project,,Rajasthan,Science | Culture | Innovation | Wildlife | Spirituality | Art | Environment | Technology | Food,06d5b7b3-451f-4767-bcf5-254e91fd4dfa,Published,No
Instilling confidence in kids,India Story Project,,Madhya Pradesh,Heritage | Science | Spirituality | Literature | Art | Environment | Technology,557d4160-2824-4f09-8387-68090b950c2d,Published,No
Investing in society’s future,India Story Project,,Delhi,Innovation | Spirituality | Literature | Art | Environment | Technology,da729507-e938-4d11-aea7-6283e15ed955,Published,No
It’s all a child’s play for this little record holder,India Story Project,,Kerala,Heritage | Science | Wildlife | Spirituality | Literature | Art | Environment,6d1c8c9f-9c3e-4577-9c40-c66b13967da7,Published,No
journey from kitchen to business,India Story Project,,Maharashtra,Science | Environment | Food,93fb234e-15ab-419a-97df-7f5fa9fee397,Published,No
Journey of an acclaimed photographer,India Story Project,,Kerala,History | Art | Environment | Technology | Food | Festivals,fd8edeeb-be68-4193-b702-e5276401ed56,Published,No
Kashmiri youth’s new world record,India Story Project,,Jammu and Kashmir,Literature | Art | Environment,2543b661-f1a2-4a00-bfe7-c2d21f5a4d04,Published,No
Kick Stage: Trying a Change,India Story Project,,Jammu and Kashmir,Innovation | Spirituality,fa4333c1-6518-498f-9d31-01120d396b76,Published,No
Lady Zakir Hussain Anuradha,India Story Project,,Karnataka,Culture | Innovation | Art,f412561d-dbfc-43d2-a9d6-e98184901fdc,Published,No
Milestone in women's constitution,India Story Project,,Bihar,Science | History | Spirituality | Art | Food,2834369a-e93f-4c8c-b628-30384b12040f,Published,No
Nilofar who fights against difficulties,India Story Project,,Jammu and Kashmir,Innovation | Spirituality | Food,8675738f-da0f-4c41-96a1-b5af7159a04a,Published,No
Oxygen Microscope to Mankind,India Story Project,,Bihar,Heritage | Culture | Innovation | Wildlife | Spirituality | Art | Environment | Food,3261d67a-da0b-4832-b2e9-9fd20dfdeed4,Published,No
Pallavi who raised the name of India,India Story Project,,Madhya Pradesh,Science | Innovation | Spirituality | Literature | Technology,e3d13ece-cdb5-45b1-9f07-30cf62625e56,Published,No
Reality is following Pallavi's footsteps,India Story Project,,Assam,Heritage | Innovation | Spirituality,f6c61a25-084a-419f-bcd7-10d1b12099e6,Published,No
Samvarti Swayambara,India Story Project,,Bihar,Culture | Spirituality | Literature | Art,f8fd36ac-7969-4cbd-9460-4bf814f1b38e,Published,No
"short life, great old age",India Story Project,,Goa,Science | Spirituality | Environment,ab22e370-59dd-469d-a505-2e2fb2ca6ac9,Published,No
Spreading Kindness and Altruism,India Story Project,,Tamil Nadu,Science | Spirituality | Literature | Art | Environment | Technology | Food,a7fdc52b-a062-4cc0-920d-d9f50e4e3048,Published,No
strings of life related to friendship,India Story Project,,Gujarat,Spirituality | Literature,b0325b34-4897-4b68-bbf2-faa1ee062cb7,Published,No
The 10th-grade pass scientist who performed a miracle.,India Story Project,,Jammu and Kashmir,,01502b36-aba5-4aab-8db4-d880d42aff90,Published,No
The creation of destiny has its own name “Bhagyashree”,India Story Project,,Madhya Pradesh,Heritage | Spirituality | Art,d2faa6d0-ccc2-4e16-82ba-5f1101138da0,Published,No
The woman who got command of the combat unit,India Story Project,,Maharashtra,History | Art | Environment,946c7e92-963c-4759-9796-a73f68472187,Published,No
There is no religion for education,India Story Project,,Madhya Pradesh,Science | History | Innovation | Spirituality | Literature | Art | Technology,83a31239-1d4c-4239-95b5-8f47bf2497bf,Published,No
trying to give wings to dreams,India Story Project,,Gujarat,History,572a3c9f-49ca-40f9-a5b7-337e22ca321f,Published,No
Turning village into a live classroom,India Story Project,,Madhya Pradesh,,b3ffa14c-c44b-4e4c-8d50-3805b444c9c9,Published,No
unknown doctor,India Story Project,,Madhya Pradesh,Heritage | Culture | History | Wildlife | Spirituality | Environment | Technology | Food,f2a2bc82-02c4-4a2d-966e-83d2cf33567a,Published,No
Victory of the hero of the seed revolution,India Story Project,,Uttarakhand,Heritage | History | Freedom Fighters | Wildlife | Spirituality | Environment | Food,1316af16-471b-4981-a41f-4d0b307cae6a,Published,No
word for sparrow,India Story Project,,Nagaland,Heritage | Wildlife | Environment,346b9ba9-3ec2-4cd5-bbab-3f9c847e2a79,Published,No
Youth resolution for water conservation,India Story Project,,Jharkhand,Heritage | Wildlife | Spirituality | Environment,a2f0d5ae-1a3d-46c7-9727-f6f0eefb9134,Published,No
Zindagi Rang Management Amritlansh,India Story Project,,Andhra Pradesh,Architecture | Literature,3c665f26-0f2f-480a-afe5-d4ad2b4b3d20,Published,No
Kindling imagination with a mobile library,India Story Project,2026-08-03 17:34:22,Madhya Pradesh,Heritage,b6211ed5-28be-4ce1-b675-586257b7fbb0,Published,No
'Light' of knowledge,India Story Project,2026-08-03 17:25:12,West Bengal,Spirituality,f009516d-e95d-4f10-915a-c5fd395c753f,Published,No
let the faff live,India Story Project,2026-08-03 17:11:41,Haryana,Environment,941b9c9c-4417-4c4f-a255-412c63e4f012,Published,No
Lily- The Girl Girl,India Story Project,2026-08-03 16:43:56,Haryana,History,a55ea869-b957-471c-ba84-01448f1fbd5a,Published,No
"Literacy icon defeats all odds, wins national honours",India Story Project,2026-08-03 16:34:05,Goa,Heritage,4bc2792e-f93d-4862-9c06-aa352c1c87ca,Published,No
"Friendship of friends, great war with mafia - know the greenery revolution of Jamuna Tudu!",India Story Project,2026-08-03 16:17:09,Jharkhand,Heritage,3bb73a7a-1f6a-42a2-90f7-adaa4f94cd03,Published,No
The world was made a fan by expanding the heritage,India Story Project,2026-08-03 16:16:09,Rajasthan,Heritage,1868df42-9ac2-4974-a608-f71a060fc225,Published,No
Yoga is the basis of life,India Story Project,2026-07-30 10:23:41,Maharashtra,Culture,7e7f5997-1d77-4409-8c9d-2efc45520f02,Published,No
Madhavi got her position through hard work,India Story Project,2026-07-30 10:15:15,Jharkhand,Culture,3a28826c-5fdd-430a-ad35-aa048c7d7ef7,Published,No
milk container,India Story Project,2026-07-30 10:09:08,Rajasthan,Food,055cfe97-e5c0-4d27-8141-84a7b2e2515a,Published,No
Making curriculum interesting with toys,India Story Project,2026-07-30 10:02:54,Andhra Pradesh,Heritage,bf24b26b-8456-4257-88f8-f1cecdd8fb64,Published,No
Making destiny smile with hard work,India Story Project,2026-07-30 09:52:03,Uttar Pradesh,Food,69a3ed55-eb6c-4fc5-85fe-5e9aae5d101a,Published,No
Man behind Cheetah reintroduction,India Story Project,2026-07-30 09:37:53,Madhya Pradesh,Heritage,2da605e3-4098-4d0f-9dfe-b564c285cd51,Published,No
Man behind finger-licking omelette,India Story Project,2026-07-30 09:32:17,Rajasthan,History,0aac8d46-d27c-4a8d-979a-1766a3035093,Published,No
Battalion Manjula in UP High Temple Service,India Story Project,2026-07-30 09:24:54,Haryana,Heritage,d9867b4e-015f-4916-9357-0ce8efa8138f,Published,No
Manjusha's seeker Manoj,India Story Project,2026-07-30 09:15:14,Bihar,Heritage,0281581b-09d2-4fdd-92ba-29730f4a9176,Published,No
Marriage hall on wheels,India Story Project,2026-07-30 09:08:12,Maharashtra,Science,9f3df40a-5b4c-48f5-a705-3cc7f0733d7e,Published,No
Mentoring success with frames,India Story Project,2026-07-30 08:52:10,Delhi,Culture,4a4ae43c-91f7-4fe5-a108-22674fd4bd20,Published,No
Message of healthy India through bicycle,India Story Project,2026-07-30 08:46:08,Andhra Pradesh,Heritage,41f71178-3cd2-4b76-a6f4-9a2389ce2ca9,Published,No
Mirabai-a bright ray of hope,India Story Project,2026-07-30 08:29:12,Rajasthan,Environment,612483b2-4c21-4733-95e5-4437d529618e,Published,No
Miracle of four brothers and sisters,India Story Project,2026-07-29 18:24:11,Jharkhand,Technology,f9423791-12ca-4065-8003-1d8478f9067c,Published,No
Mitti cool regime,India Story Project,2026-07-29 18:03:37,Gujarat,Food,19300de5-8a9c-4a1b-8261-88c1b29ee55c,Published,No
Mixed media magic,India Story Project,2026-07-29 17:53:16,Gujarat,Architecture,3da32b43-e133-4045-81f5-b64db1c564cd,Published,No
Mohit who works in connection with nature,India Story Project,2026-07-29 17:43:46,Delhi,Food,851709a2-ff7b-4f96-9e8b-5644225e549c,Published,No
Mountaineering prodigy of India,India Story Project,2026-07-29 17:29:05,Maharashtra,Heritage,c79c68fa-b5c5-47c2-b70d-879c1d18bffe,Published,No
Munni Devi's art journey,India Story Project,2026-07-29 17:22:44,Bihar,Culture,e930cc94-3529-4d7e-9a24-bfd1af414057,Published,No
Music educates us to be one,India Story Project,2026-07-29 17:16:40,Rajasthan,Festivals,9aef6fdb-a725-41c6-8c84-265ea04ab766,Published,No
Noor's story that breaks myths,India Story Project,2026-07-29 17:11:31,Jharkhand,Science,4d60049f-59f7-416a-b0fd-96331a86701d,Published,No
brothel color campaign,India Story Project,2026-07-29 17:07:01,Tamil Nadu,Culture,88c54d26-2edc-4209-bd54-fbe7b2e7fa3a,Published,No
'Salute' to new thinking,India Story Project,2026-07-29 08:39:45,Telangana,Environment,d3bcbcf3-e1fd-47cb-b149-e4f2ea8c5fd2,Published,No
Namma is the friend of both the rider and the car.,India Story Project,2026-07-29 08:32:10,Karnataka,General,847690e5-1d2c-4bd1-b708-a0d4b43a2701,Published,No
Narendra Modi's struggle for sparrow,India Story Project,2026-07-29 08:22:29,Jammu and Kashmir,Heritage,80f616df-eb73-442e-8545-efbf442c61f8,Published,No
Necessity is the mother of inventions,India Story Project,2026-07-29 08:14:29,Madhya Pradesh,Food,d3f488db-7f75-4961-a777-bdc7567e971a,Published,No
blessings for the beginning,India Story Project,2026-07-29 08:06:11,Kerala,Environment,9bee467e-e96d-49e9-9f02-6c00f942dd06,Published,No
Neo's Tone Sadhna,India Story Project,2026-07-29 08:02:19,Assam,Festivals,34bb3a47-9e31-4dbf-bd01-95e96ee7dfc1,Published,No
New dawn in society: Shubham,India Story Project,2026-07-29 07:56:49,Bihar,Culture,f0e56114-fe97-4a9b-8743-84a3395a21ed,Published,No
new light to buds,India Story Project,2026-07-29 07:51:24,Gujarat,Culture,b1f3c7a2-1de6-4921-b38d-f5ac6291c7f1,Published,No
new path made from sand,India Story Project,2026-07-29 07:41:41,Gujarat,Festivals,22516e84-214c-44a7-894c-4653c4d922f2,Published,No
New story of women power,India Story Project,2026-07-29 07:35:48,Madhya Pradesh,Environment,753a3cec-6fe2-4f25-b272-e159e00f7834,Published,No
New beginning of the fund,India Story Project,2026-07-29 07:31:22,Gujarat,Culture,5d57016b-e416-4d8f-85be-5ea962cc0f2d,Published,No
World champion again,India Story Project,2026-07-29 07:27:16,Haryana,History,17142fc1-90a6-4b67-9f2a-a2542d7442a9,Published,No
No obstacle is big enough,India Story Project,2026-07-29 07:21:37,Maharashtra,Food,5033ff6f-f0ac-4d34-a781-cc6943002156,Published,No
On a van life to experience India closely,India Story Project,2026-07-29 07:15:49,Delhi,Food,75cbd3c1-abd6-48c7-9252-5c2aa2813baf,Published,No
Outsmarting fate to create many destinies,India Story Project,2026-07-28 09:39:48,Bihar,Technology,5d37e588-8ed9-41fa-89cf-b8d32513935e,Published,No
"Overcoming Hurdles, Creating New Path",India Story Project,2026-07-28 09:35:59,Kerala,Technology,a293404d-b07b-4157-aadf-517438f5afe2,Published,No
Chandauli's Pad Woman,India Story Project,2026-07-28 09:28:55,Uttar Pradesh,Environment,d8445817-38a5-4845-b4c9-c97885731b61,Published,No
Patriotism awakened by the parade,India Story Project,2026-07-28 09:10:17,Chhattisgarh,History,78b5b325-8c14-4aad-983e-e174893fdfa0,Published,No
The nose is alive in every smile,India Story Project,2026-07-28 09:03:54,Haryana,Heritage,56f6d597-f6e6-43d8-b56f-595dc8ed20d4,Published,No
path of change swami policeman,India Story Project,2026-07-28 08:59:06,Madhya Pradesh,Heritage,d7efa980-6d4a-4013-b6b7-4fb58a851d8b,Published,No
Pooja is showing the path of change to women,India Story Project,2026-07-28 08:47:07,Bihar,Culture,0d38a151-f05f-47d1-bc3c-e2e02fdd316d,Published,No
Poonam's step towards change,India Story Project,2026-07-28 08:40:51,Jammu and Kashmir,Heritage,1bd7d0ce-117c-4754-a535-d244152e37cc,Published,No
Pothole Dada: A Powerful Personality,India Story Project,2026-07-28 08:30:30,Maharashtra,Environment,6d5e9435-e840-457a-aa65-33a903ae4a3c,Published,No
Power of women coming together for a cause,India Story Project,2026-07-28 08:23:29,Maharashtra,Heritage,3a3dd89a-f716-4a99-9c6a-fac15a3f9465,Published,No
Prem bags wings to dreams,India Story Project,2026-07-28 08:18:48,Assam,Culture,8fc6fd47-29ba-4faf-858e-3fb52a0c6870,Published,No
Preserver of Indian folk,India Story Project,2026-07-28 08:12:25,West Bengal,Heritage,ba06344c-a35e-47e0-8aa5-335a2c031a3e,Published,No
"Probably, paradise is in unconditional love",India Story Project,2026-07-28 08:07:59,Karnataka,Science,c24b4ce2-e211-42e5-8541-9a4be2be7838,Published,No
Professor Alok Sagar: Surprising but true,India Story Project,2026-07-28 08:04:30,Madhya Pradesh,Spirituality,933aaf0a-a7dd-4b85-9983-e377eb8ba9ca,Published,No
Stork Sister who saves the stork from trouble,India Story Project,2026-07-28 07:39:44,Assam,Heritage,bdf43bac-7327-45eb-97b0-6cb3f310a932,Published,No
Pushing boundaries in agriculture with social media,India Story Project,2026-07-28 07:34:52,Maharashtra,Science,5db87d26-1338-4aa3-9ef4-adcc53483b7a,Published,No
Radio Characters: A New Hope,India Story Project,2026-07-28 07:29:19,Rajasthan,Spirituality,609a7c62-7cec-4bab-9594-d8995d1f3c98,Published,No
Rahul giving the message of return from nature,India Story Project,2026-07-28 07:23:53,Gujarat,Heritage,7be3c1cf-1912-417b-ac6b-00aa9bcd6eb3,Published,No
Rajenchay: Roshan Roshan is unemployed,India Story Project,2026-07-28 07:15:51,Bihar,Culture,1e7246fa-e7ab-40f6-b13d-76406863adfe,Published,No
Ramveer is the restaurant in Shiksha Sadhana,India Story Project,2026-07-26 19:28:41,Haryana,History,eee6ca9a-6baf-4e17-90be-7e50b17028f6,Published,No
Ramveer's water meditation,India Story Project,2026-07-26 19:20:04,Haryana,Heritage,0064e400-f332-4b3f-9adc-2aec711dcc08,Published,No
Riya's new place in Ranchi,India Story Project,2026-07-26 19:11:31,Jharkhand,Heritage,4d2c92ea-2bdd-4357-af13-c7a77aa9c53f,Published,No
Rearing donkeys as a business start-up,India Story Project,2026-07-26 18:56:29,Goa,Science,9f598840-335a-4c06-83b4-3cfb0d395237,Published,No
Recharging young lives with theatre,India Story Project,2026-07-26 18:51:05,Goa,Science,d3719031-d1e9-4fd6-9e27-984fa044ae92,Published,No
Redefining paediatric cancer care,India Story Project,2026-07-26 18:40:14,Andhra Pradesh,Science,047c13df-d26e-41fd-95f5-728b0da394fa,Published,No
Village to village development option and village to village development option,India Story Project,2026-07-26 18:36:19,Gujarat,Heritage,63324817-290e-47a6-94e8-d1f0e8ae1033,Published,No
Restoring traditions for the future generation,India Story Project,2026-07-26 18:30:06,Goa,Heritage,a8a12d7d-b792-4ae5-89f8-9625f7ebde5e,Published,No
Retrieving the lost legacy,India Story Project,2026-07-26 18:23:43,Uttarakhand,Heritage,727864f2-17e6-404b-a903-3b2301deb522,Published,No
Reviving Ajrakh Art,India Story Project,2026-07-26 18:17:29,Gujarat,Heritage,3306d7f2-6bff-4b21-8a31-aa37a0468c34,Published,No
Reviving ponds and lives,India Story Project,2026-07-26 18:12:25,Uttar Pradesh,Food,fb2d3d29-edd6-43de-a6a4-4092277fd8c0,Published,No
Reviving traditional water trenches in Kerala to avoid flood,India Story Project,2026-07-26 18:06:11,Kerala,Food,3dea28e8-90a8-4a7f-b8b1-3fd6a6e104e9,Published,No
struggle path of samyak,India Story Project,2026-07-26 17:59:46,Maharashtra,Science,ab67b946-9995-4af2-8750-dc3dddf78255,Published,No
"From struggle to peak, Rinku Gallery",India Story Project,2026-07-26 17:53:48,Haryana,Food,8254ae68-198b-4302-b533-a0906aa27684,Published,No
"Father was Kunal Delivery, son became cricket star",India Story Project,2026-07-26 17:47:43,Punjab,Environment,1bfa7f7d-a21d-4958-9514-e9ffcbd6bafa,Published,No
Role model for generations,India Story Project,2026-07-26 17:36:16,Tamil Nadu,Food,23879fbc-4510-4046-825c-dc3e53255908,Published,No
"clay art, clay art",India Story Project,2026-07-26 17:26:23,Bihar,Festivals,1ed5ee40-92e3-4927-bad0-cb783d60f98e,Published,No
sex phone sisters with relation,India Story Project,2026-07-26 11:58:54,West Bengal,Culture,971ae62e-d746-48ef-9349-7288cb514ec6,Published,No
Sarita's resolution path,India Story Project,2026-07-26 11:50:32,Bihar,History,7ec99f9e-cdcb-40c4-a60d-987a86c3034a,Published,No
Saving land from pesticides,India Story Project,2026-07-26 11:44:39,Assam,Food,f3efbdff-6ee1-4391-a2c1-d991d1fcc28b,Published,No
Saving Lives on Road,India Story Project,2026-07-26 11:37:44,Bihar,Art,352f58f4-35f1-4a68-970f-582f4bf25354,Published,No
Savita is the name of courage,India Story Project,2026-07-26 11:28:02,Arunachal Pradesh,Environment,144fe9e7-9c6c-4309-8a45-275f3d2ce857,Published,No
silk sculpture,India Story Project,2026-07-26 11:21:31,Gujarat,Food,ba0013ac-54c2-4fa6-9ec0-fc169280965c,Published,No
trust life innings,India Story Project,2026-07-26 11:15:10,Himachal Pradesh,Heritage,1c7d1368-eca4-4dae-84ad-8915110996b9,Published,No
warrior farmer of unrighteousness,India Story Project,2026-07-26 11:07:48,Delhi,Food,d9ce1c4d-5086-409d-bff7-9686872e3eb0,Published,No
She's taking a nap with a ticket to trouble,India Story Project,2026-07-26 10:59:27,Maharashtra,Art,d176f4b2-5f2b-4f0d-920b-c9632a05269c,Published,No
live education cool,India Story Project,2026-07-26 10:51:04,Gujarat,Environment,b196538b-79ec-472a-acf8-b87b31bebf24,Published,No
Shining light in the diaspora,India Story Project,2026-07-26 10:46:02,Gujarat,Culture,cba044bd-61cc-42ab-9a9d-f31dd6d4c5a1,Published,No
Sikki artist's diamond-Madhubani's Meera,India Story Project,2026-07-26 10:23:19,Bihar,Culture,d8a4f6c0-1cd8-4477-9c2f-3d05d60b165d,Published,No
Snake man whom Prince Charles came down to meet,India Story Project,2026-07-26 10:18:13,Kerala,Heritage,11311773-d5d5-4336-ac72-3859d5ee9ad9,Published,No
Youth who give life to water sources,India Story Project,2026-07-26 10:13:15,Gujarat,Heritage,078deff7-9a21-44ac-bff3-8acb4aada737,Published,No
Social empowerment with self-reliance,India Story Project,2026-07-26 10:09:12,Uttar Pradesh,Architecture,fc2deac0-b56f-4615-adc7-026587048400,Published,No
Son of Walur,India Story Project,2026-07-26 09:59:01,Jammu and Kashmir,Technology,3ef4204d-b8a2-4f31-8596-44a3b5906c88,Published,No
"Sooraj, a new dawn of hope",India Story Project,2026-07-26 09:13:20,Maharashtra,Food,856daef9-b5ec-4c18-8332-f2eb23802ddd,Published,No
Creating value from trash,India Story Project,2026-07-26 08:58:55,Maharashtra,Science,8485772f-5498-4728-a48c-7b2b9514707d,Published,No
Showing the natural way,India Story Project,2026-07-26 08:47:33,Chhattisgarh,Heritage,869a78d4-0922-4f13-89d1-9cb988f19602,Published,No
awakener of education,India Story Project,2026-07-26 08:41:00,Madhya Pradesh,Science,e4e75561-0361-4b09-a788-0b7d72b2edad,Published,No
Speaking out loud and clear for transgenders,India Story Project,2026-07-26 08:37:15,Assam,Science,ba6e000c-b7f1-42be-8010-5f51f5e62001,Published,No
Spreading Khushiyan unlimited,India Story Project,2026-07-25 08:49:51,Delhi,Food,9fe7416c-d00c-4309-9330-d0cd85138c6e,Published,No
Spreading the light of education,India Story Project,2026-07-25 08:44:20,Karnataka,Spirituality,230b5cd8-e2c1-4426-be26-c11e10f727a2,Published,No
Standing up for victimised men,India Story Project,2026-07-25 08:35:24,Delhi,Spirituality,48d3cbc7-9e33-452b-80b4-f55ee3978a47,Published,No
Standing with the community,India Story Project,2026-07-25 08:27:47,Uttar Pradesh,Technology,0a3d411f-7a7f-44b8-ba85-8651a1266cc8,Published,No
steps towards nature,India Story Project,2026-07-25 08:18:36,Gujarat,Science,6f04dd50-406d-4e1e-94f4-f8c325450e6a,Published,No
Striving to save water for future,India Story Project,2026-07-25 07:41:26,Gujarat,Heritage,16f56b18-4951-491f-8f60-335d7198772e,Published,No
Studying Soil Stability,India Story Project,2026-07-25 07:36:18,Arunachal Pradesh,Architecture,39a779a1-03fd-442c-9217-b5a9b1f8119d,Published,No
Success with Perseverance,India Story Project,2026-07-25 07:15:57,Delhi,Spirituality,ede0769c-9007-4c01-a0df-8387db8ae8da,Published,No
Country's Super Grandmother,India Story Project,2026-07-25 07:10:59,Delhi,History,2d675123-ea9f-4ec8-abeb-01f17a44d123,Published,No
"Lost a Leg in an Accident, But Never Lost His Determination",India Story Project,2026-07-24 12:41:06,Gujarat,Art,6153491f-17d1-4bf7-883c-93ab5623b359,Published,No
"Lost an Arm and a Leg in an Accident, Cleared the UPSC and Became an Inspiration",India Story Project,2026-07-24 12:39:17,Uttar Pradesh,Science,df772096-efd0-4c47-afdb-62a0f7909990,Published,No
The Champion Who Turned Defeat into Victory,India Story Project,2026-07-24 12:38:12,Bihar,Innovation,3cc3ce9f-c24f-486b-818c-4e3834a99f57,Published,No
A Story of Never Giving Up,India Story Project,2026-07-24 12:35:34,Maharashtra,History,86cfca92-2628-42fb-8874-6e73a74fb153,Published,No
The Art of Turning Defeat into Victory,India Story Project,2026-07-24 12:33:09,Nagaland,Spirituality,c7e96058-1b74-43f8-a45c-40bcd38c7e72,Published,No
Humans of Bhopal,India Story Project,2026-07-24 12:30:10,Mizoram,Spirituality,d1b92454-5086-4fc1-bb85-b3f73d9168a3,Published,No
Water revolution of Surdi village,India Story Project,2026-07-24 09:46:58,Maharashtra,Technology,7e01d8c5-4460-4ecc-95ba-54f09d8a77c3,Published,No
flag of women power,India Story Project,2026-07-24 09:41:37,Maharashtra,Technology,57349640-794d-4d32-a096-daa2b9247a2d,Published,No
Swapnil Soni: The Monkey Man,India Story Project,2026-07-24 09:32:21,Bihar,Wildlife,4dc77ae5-5c8d-4790-8f1c-61ef0c98b687,Published,No
Taking to the skies,India Story Project,2026-07-24 09:28:38,Andhra Pradesh,Heritage,6b77bafc-d63a-468c-b314-750f246950ab,Published,No
Taming the Monkey Menace,India Story Project,2026-07-24 09:18:14,Haryana,Architecture,bf3a0eb2-f356-466b-a201-c314b3cf314a,Published,No
Amazing beyond reality,India Story Project,2026-07-24 09:14:01,Madhya Pradesh,Spirituality,8853732a-bd4d-47b2-a72e-bf8336380275,Published,No
Baga painter Maharathi Jodhiya,India Story Project,2026-07-24 09:09:28,Gujarat,Culture,bd12bf29-a0dc-45a8-9e99-e3b8df7e00f2,Published,No
"The biggest disease, are virtuous people",India Story Project,2026-07-24 09:02:04,Delhi,Art,bfe9a408-417a-4821-9cc9-d95ba0bdb6a6,Published,No
Education is the basis of change in society – Sagarat Rai,India Story Project,2026-07-24 08:55:14,Uttar Pradesh,Culture,b67afdde-df8c-4873-b431-91e4e11aa856,Published,No
The birdman of Chennai,India Story Project,2026-07-24 08:50:48,Tamil Nadu,Wildlife,b1858c60-5b89-479d-a822-5bd07eb1c65f,Published,No
​The Folk Star of India,India Story Project,2026-07-24 08:46:31,Rajasthan,Culture,17d87e09-c5a0-4f95-91be-4b1e86fe7f3e,Published,No
The fruit breeder of Malihabad,India Story Project,2026-07-24 08:42:12,Uttar Pradesh,Food,d5b2fa96-4054-49e1-911d-848e092d870a,Published,No
The golden girl who inspires fellow women,India Story Project,2026-07-24 08:33:30,Uttar Pradesh,Environment,c097d4d2-93ea-4f1d-b93e-2ca6ca9d3ba9,Published,No
The Guardian of Jungle,India Story Project,2026-07-24 08:24:26,Jharkhand,Technology,c79f2216-21b9-4a6d-9331-918744546152,Published,No
The Echo of Education in the Lives of Marginalized Children,India Story Project,2026-07-24 08:13:36,Chhattisgarh,Heritage,7253f34d-b11f-4f83-8d51-ab996a887f4e,Published,No
The innovative teacher from Kashmir,India Story Project,2026-07-24 08:08:18,Jammu and Kashmir,Architecture,5396e1f5-909c-4884-a13d-5d29c11651eb,Published,No
The Ladakh farmer turns teacher to the world,India Story Project,2026-07-24 08:03:58,Goa,Food,6a48f01e-3c8d-4e53-a1cd-56372e70c353,Published,No
The lady artisan creating livelihood,India Story Project,2026-07-24 07:58:30,Rajasthan,Architecture,2558b050-0e9e-4dd9-bebc-94713cb7f2d3,Published,No
The land of civil disobedience set to bloom again,India Story Project,2026-07-24 07:53:59,Bihar,Heritage,53d3cf01-5d48-48c3-b1b4-1defde5e44f1,Published,No
The earth will be healthy only when the forest is green.,India Story Project,2026-07-24 07:49:35,Assam,Food,47ed685c-26a3-4127-a0c2-b3c093484aef,Published,No
The man who planted a forest,India Story Project,2026-07-24 07:45:02,Assam,Food,7ef7b2a7-1442-4da6-ae8a-30e8947f3480,Published,No
the forest that grew in the desert,India Story Project,2026-07-24 07:38:54,Rajasthan,Food,610440da-1097-40a5-97bc-e0f659cfdc2f,Published,No
The protectors of endangered avian friends,India Story Project,2026-07-24 07:33:44,Assam,Technology,b5123447-532f-43dd-a7ce-03877c858f14,Published,No
The real 'hero' of society,India Story Project,2026-07-24 07:29:25,West Bengal,Food,fbcfa181-bbf1-4223-8b4d-fb6cd715d507,Published,No
The richness of simplicity,India Story Project,2026-07-24 07:23:43,Odisha,Food,e1e78736-b668-4904-9f4c-cde25da343b7,Published,No
The school under the bridge,India Story Project,2026-07-24 07:18:47,Delhi,Science,4f6ff4d4-00f1-4622-be0b-e780be6623ed,Published,No
Danger of making waste a wonder,India Story Project,2026-07-24 07:15:15,Tripura,Food,cce77753-cc5a-4641-8004-a4deb4d766bf,Published,No
The Spirit of Never Giving Up,India Story Project,2026-07-24 07:11:33,Assam,Environment,e53adf17-fd2f-4abc-adb6-6a309af3be7b,Published,No
The Teacher Billionaire,India Story Project,2026-07-24 07:07:23,Uttar Pradesh,Technology,240a976e-c73b-468a-be02-d04efd52cc09,Published,No
The spirit of victory by defeating difficulties,India Story Project,2026-07-24 07:02:29,Madhya Pradesh,Environment,187248c3-9366-4bbb-96fa-15a069d28cbb,Published,No
The world knows and angina,India Story Project,2026-07-24 06:59:04,Karnataka,Spirituality,d7f6eb97-6ebf-48d1-a35e-d8959987ac3e,Published,No
They went away and settled in the forest.,India Story Project,2026-07-24 06:56:02,Assam,Environment,99f5793e-47b1-456a-b650-e97b8b7e42fb,Published,No
Tiffany: A glimpse of light in the darkness,India Story Project,2026-07-24 06:52:39,Assam,Art,8d6e795b-49b6-4465-894d-2b41b44a360b,Published,No
Toilets need not be dirty,India Story Project,2026-07-24 06:48:20,Andhra Pradesh,Technology,2105c310-3962-4894-bb72-670cd37fbbf4,Published,No
Transformational Yoga experience of a kid,India Story Project,2026-07-24 06:38:14,Karnataka,Culture,07568b3e-3fd0-42bc-b1ab-fc927c324e80,Published,No
Transforming parched villages,India Story Project,2026-07-24 06:35:12,Maharashtra,Food,65367abf-74e9-428d-9428-9a1fa73dfdd0,Published,No
A true soldier who follows the path of truth,India Story Project,2026-07-24 06:27:32,Uttar Pradesh,Art,0275b57c-6efe-4caf-9008-ba5b90eee6bb,Published,No
An Effort to Live in Harmony with Nature,India Story Project,2026-07-23 18:22:56,Telangana,Science,23ec6713-e621-4e8c-8115-976e0af73f4c,Published,No
trying to keep the mind healthy,India Story Project,2026-07-23 17:59:39,Tamil Nadu,Science,732319f0-c6c4-426d-b866-2fa588f3f6b1,Published,No
Effort to give new form to education,India Story Project,2026-07-23 17:37:13,Bihar,Spirituality,7348b153-7ec8-491f-9eea-35076c579a4a,Published,No
Understanding the Sun,India Story Project,2026-07-23 17:24:59,Assam,Science,ccec9e63-6a30-4cd0-b68e-f37b78c20abf,Published,No
Half one Guruji,India Story Project,2026-07-23 17:21:24,Uttar Pradesh,Science,ee8f1b3b-2cf2-407b-80ee-d3c6df478e50,Published,No
Uplifting lives with her astrology skills,India Story Project,2026-07-23 17:17:46,Delhi,Science,cbe24236-cf5d-405c-98ea-42662a98a659,Published,No
Vertigo healing made easier and cheaper,India Story Project,2026-07-23 17:06:30,Karnataka,History,9acda6ca-7752-4dd8-bc20-5a5be738c8fa,Published,No
Voices echo in the listener’s smile,India Story Project,2026-07-23 16:27:29,Delhi,Science,d3b7f0ba-467f-4199-9d90-828d2077620a,Published,No
efforts to green the earth,India Story Project,2026-07-23 16:22:05,Bihar,Spirituality,26d27c1d-0c73-46ba-87bd-855268eb1f32,Published,No
The question of the mountain from the tree and the pond,India Story Project,2026-07-23 16:17:27,Uttarakhand,Heritage,762ba6e9-59c4-4ea9-8543-eb094d2b7d47,Published,No
wake up wake up,India Story Project,2026-07-23 15:57:48,Uttar Pradesh,Architecture,bbf7f650-3643-4a0f-98e1-a16dcb0181ba,Published,No
Walking along the rivers,India Story Project,2026-07-23 15:50:55,Madhya Pradesh,Heritage,2c31216d-2353-4d77-8313-8b006439de65,Published,No
Waterpreneur with a difference,India Story Project,2026-07-23 15:37:43,Goa,Heritage,138ec1d0-ab0b-4214-9870-0d11639ea5f7,Published,No
"Who says the sky can't be bright, just throw a stone at the idiot.",India Story Project,2026-07-23 15:32:50,Delhi,Wildlife,72593ff5-18a1-4113-828c-c48a3636389e,Published,No
Winning Back Life Emphatically,India Story Project,2026-07-23 15:17:45,Haryana,Science,3e2eb929-d375-4167-a876-92f189eb33c7,Published,No
Winning glory with family tradition,India Story Project,2026-07-23 15:13:13,Karnataka,Heritage,07c5f6ba-24f8-4b51-8caf-7972aecab893,Published,No
Wonder woman of India,India Story Project,2026-07-22 12:04:21,Delhi,Festivals,53211a5e-8deb-434c-a24f-5e0b8b414187,Published,No
The world recognized the strength of friends,India Story Project,2026-07-22 11:49:35,Kerala,Technology,43fffd76-9d88-4214-9719-89f21c8cef3a,Published,No
Success That Inspires Others,India Story Project,2026-07-21 15:51:31,Bihar,Science,4b9191f3-a4bc-4aa5-983c-89c50f221f5d,Published,No
Story of Two Sisters,India Story Project,2026-07-21 15:47:57,Madhya Pradesh,Food,43259b5b-7a46-4960-8f56-f9df74a0ffc1,Published,No
The Story of Karmveer,India Story Project,2026-07-21 15:44:51,Uttarakhand,Heritage,ecad70f4-16fc-46d8-9d78-9aeac92f8edc,Published,No
Words of Struggle,India Story Project,2026-07-20 15:17:58,Kerala,Technology,9fbba655-96bc-44b8-bf52-0fba13dea128,Published,No
Working towards equality for all,India Story Project,2026-07-20 15:13:57,Assam,Food,4950847a-b954-4dbb-b664-6eeb91b559bd,Published,No
World’s first female amputee Everest climber,India Story Project,2026-07-20 15:09:08,Uttar Pradesh,Technology,9a1f87d8-ffb3-443b-87d6-9631bd6b2157,Published,No
You have enough. You are enough,India Story Project,2026-07-20 15:00:01,Bihar,Food,dedb58c2-fb9d-4805-8a1c-40f5f0c5499f,Published,No
Young climate champion from Meerut,India Story Project,2026-07-20 14:55:08,Uttar Pradesh,Technology,7787f473-5750-4737-babf-137c911f083a,Published,No
Young Biofertilizer Scientist,India Story Project,2026-07-20 14:51:46,Arunachal Pradesh,Food,45278839-0360-4d1a-a9b8-e4dc741a1fd4,Published,No
Young grassroot innovator,India Story Project,2026-07-20 14:46:01,Tamil Nadu,Architecture,1228a32b-ede9-4116-a5e4-34d8535e2316,Published,No
Water Champion of Gujarat,India Story Project,2026-07-20 14:40:57,Gujarat,Food,745ab807-f0ba-43eb-8e50-dc843af7ad44,Published,No
A street child who is educating kids,India Story Project,2026-07-20 13:47:41,Delhi,Heritage,9b278624-8e14-4bf4-8d74-c300f05dcb90,Published,No
A passion inspired by his profession,India Story Project,2026-07-20 13:46:26,Kerala,Heritage,6a646b61-14e8-47d3-bac8-4b4462d62ccf,Published,No
A thoughtful business model,India Story Project,2026-07-20 13:36:45,Goa,Heritage,a65d9e61-d61c-4267-b32d-9073ef4bb7a2,Published,No
A true warrior,India Story Project,2026-07-20 13:33:51,Kerala,Heritage,8d2ae13b-0d69-495c-9bb9-0e1dcbf2c952,Published,No
A Voice for the transgender community,India Story Project,2026-07-20 13:31:27,Andhra Pradesh,Heritage,9544425a-ed93-4634-8003-e07283f89904,Published,No
A man who cares for the suffering,India Story Project,2026-07-20 13:30:20,Maharashtra,Heritage,cad09236-ca36-45e2-b8d2-5388db2a2d6c,Published,No
"A special café by special people, especially for you",India Story Project,2026-07-20 13:19:14,Chhattisgarh,Heritage,2d638d83-78ae-4992-a673-1e42912389c2,Published,No
A student rising up for other students,India Story Project,2026-07-20 13:15:03,Uttarakhand,Heritage,77528f4f-ae1f-4933-8be0-43171e0fab5c,Published,No
A radio jockey speaking for the environment,India Story Project,2026-07-20 13:14:12,Madhya Pradesh,Heritage,22ef3c06-69cc-4318-b350-730f213943d7,Published,No
A mother uniting people to fight mental health,India Story Project,2026-07-20 03:47:55,Delhi,Heritage,ffbc227a-41a3-4eae-9b43-cd3c9df56d6a,Published,No
The Doctor Who Became a Messiah,India Story Project,2026-07-20 03:41:14,Arunachal Pradesh,History,8a971291-e518-4760-887f-3f71ce61772e,Published,No
Age Is Just a Number,India Story Project,2026-07-20 03:39:41,Lakshadweep,Heritage,714763b5-d832-4898-8e9d-888bedf6e6c6,Published,No
Winds of Change in Kashmir,India Story Project,2026-07-20 03:37:18,Jammu and Kashmir,Art,7ac191c8-e469-4ebd-8bf4-1309b04faffc,Published,No
"Recognise Ability, Not Disability",India Story Project,2026-07-20 03:35:37,Daman and Diu,Spirituality,8412cc18-f824-494d-93f0-5164f45e3135,Published,No
Kanika's Flight to New Heights,India Story Project,2026-07-20 03:31:45,Delhi,Innovation,5206356b-2e5a-46a3-9f48-12b76f02a2fc,Published,No
Fighting Cancer Through Kathak,India Story Project,2026-07-20 03:30:02,Haryana,Culture,d828167f-22b6-4aa5-a3f2-c20cce72675d,Published,No
Salute to a Sarpanch Like This,India Story Project,2026-07-20 03:28:25,Madhya Pradesh,Architecture,7db96b6b-3501-40e1-aead-6d7f8a82c234,Published,No
The Online Scrap Dealer,India Story Project,2026-07-20 03:26:56,Maharashtra,Heritage,6a93ef3c-ad6d-4bc8-8a45-ff17a37a7214,Published,No
The Fearless Woman Who Calls Snakes Her Friends,India Story Project,2026-07-20 03:23:39,Maharashtra,Heritage,523b6024-891c-4069-9d0f-12c5454b3c93,Published,No
Have You Ever Seen a Zoo Like This?,India Story Project,2026-07-20 03:20:35,Rajasthan,Environment,ee5ca7c3-51b5-4b02-802b-c1923ac7645e,Published,No
The Man Who Brought Historic Stepwells Back to Life: 'Pagal Saab',India Story Project,2026-07-20 03:19:02,Rajasthan,Heritage,d2f572ee-46d7-4451-aab2-c235d79e387a,Published,No
From Avocado: Mexico to Bhopal via Israel,India Story Project,2026-07-20 03:17:19,Arunachal Pradesh,Science,6d384c29-d217-4cf3-a7b4-a822c4c020b0,Published,No
A School Teacher's Agricultural Revolution,India Story Project,2026-07-20 03:15:30,Meghalaya,History,28ce3f59-f60a-463c-88d6-24dbf22ce166,Published,No
A Teacher's Mission for Society,India Story Project,2026-07-20 03:13:30,Uttar Pradesh,History,9819b893-7188-46ec-ba84-59dec0d8867b,Published,No
The Story of a Water Warrior,India Story Project,2026-07-20 03:10:26,Andhra Pradesh,Heritage,bd6e3b80-d8d2-4f57-a69a-4423893d5bc9,Published,No
Once There Was Rangamma,India Story Project,2026-07-20 03:07:25,Delhi,History,737fb409-4bc3-4083-9daa-a5eed531d09b,Published,No
A Journey of Wanderlust Like No Other,India Story Project,2026-07-20 03:04:13,Bihar,Heritage,3640e7e8-c454-4ec6-bec6-6a18be98c965,Published,No
A Village's Forest Conservation Movement,India Story Project,2026-07-20 03:02:11,Madhya Pradesh,Heritage,c7d34312-0c3c-4e00-a5ff-5ea20cf8d735,Published,No
The Making of a Legend,India Story Project,2026-07-20 03:00:24,Chhattisgarh,Heritage,0e293ca0-d46f-4f1a-b19c-5b0bc5531714,Published,No
Zero-waste campaigner,India Story Project,2026-07-17 14:11:08,Andhra Pradesh,Heritage,78800ee9-cd06-4b5a-bb3d-751cf1efaed8,Published,No
An IPS Officer's Fitness Journey,India Story Project,2026-07-17 07:15:39,Madhya Pradesh,Spirituality,bfc360c8-b8ae-4adf-9505-e9b60a30c4d2,Published,No
A Pond of Hopes,India Story Project,2026-07-17 07:11:57,Chhattisgarh,Heritage,390296b7-00bf-4967-845b-bc3cdbea5e9f,Published,No
Uma's Flight,India Story Project,2026-07-17 07:10:31,Arunachal Pradesh,Literature,32720534-b9ce-49ee-a1a2-43e49e9a9c7d,Published,No
Messiah of humanity,India Story Project,2026-07-17 07:09:02,Gujarat,Environment,5b16ecd3-af4f-457c-bef9-b6513bf0c3b2,Published,No
Humans can communicate with animals!,India Story Project,2026-07-17 07:07:33,Goa,Wildlife,030d9d32-07da-45e2-839f-7e5be96d0d61,Published,No
The story of a teacher's duty,India Story Project,2026-07-17 07:05:53,Madhya Pradesh,General,5e6033fb-f60e-41ab-9098-7b9c02c57e05,Published,No
The Engineer Beekeeper,India Story Project,2026-07-17 07:04:03,Andhra Pradesh,Spirituality,24be7b91-c11d-4aff-ad7e-c5b5d4ec3f1c,Published,No
A Confluence of Faith and Social Service,India Story Project,2026-07-17 07:02:32,Gujarat,Heritage,e59696ab-fcdb-4e8d-978a-0514043a0172,Published,No
Ashok lighting the lamp of hope,India Story Project,2026-07-17 07:00:54,Maharashtra,Heritage,28cbdd51-626c-443b-aaa3-24522eaf2f10,Published,No
Amma or Annapurna?,India Story Project,2026-07-17 06:59:18,Tamil Nadu,Heritage,c43d0172-af1e-4e3b-9958-83f7862cf807,Published,No
Became an example through her passion.,India Story Project,2026-07-17 06:57:35,Jammu and Kashmir,Heritage,69eab014-6e54-453c-a63c-cec7dd56a643,Published,No
MBA – The Tree Man & The Water Man,India Story Project,2026-07-17 06:52:11,Madhya Pradesh,Heritage,36559083-88b9-478e-86c7-d084d78ea2ad,Published,No
A 'Shravan Kumar' to 500 elderly people,India Story Project,2026-07-17 06:41:57,Gujarat,Food,45f6314f-3517-4c5d-a6d3-d2b9239966a7,Published,No
Why did the Chambal don return?,India Story Project,2026-07-17 06:38:35,Madhya Pradesh,Art,9256cece-6116-40b3-8216-c23c21c6fb6c,Published,No
The Women Power of Naxal-Affected Areas,India Story Project,2026-07-17 06:36:47,Chhattisgarh,Food,b4f54acb-eb54-47fe-aeaf-e26b295801a6,Published,No
Wing Commander Deepika,India Story Project,2026-07-17 06:31:41,Madhya Pradesh,Science,b17f920f-e497-4905-8dc6-a43b025e9704,Published,No
World Heritage Ramlila,India Story Project,2026-07-17 06:29:15,Jammu and Kashmir,Culture,803dce38-0a91-4d22-a9bf-609f0713f80a,Published,No
A transformed landscape driven by youthful vision and dreams.,India Story Project,2026-07-17 06:26:17,Haryana,Food,64619a4d-98b6-4d29-8356-a4878b42bba5,Published,No
Young Tigress: Ashtam Oraon,India Story Project,2026-07-17 06:24:39,Jharkhand,Food,18c74af4-fafd-4e53-a20e-e6c79e79dfdf,Published,No
Another gem is emerging from ‘Hesel’,India Story Project,2026-07-17 04:46:28,Jharkhand,Food,ab1ab377-f414-4703-abe3-e292666534df,Published,No
Srijan Mithila: A Beginning,India Story Project,2026-07-17 04:43:47,Bihar,Innovation,f8aa68a7-5246-4c1f-a9f5-b10fbb466f6e,Published,No
A Ray of Hope Through ‘Silk’,India Story Project,2026-07-17 04:41:14,Bihar,Food,a2ee983d-3289-4c7a-8d99-27225661a988,Published,No
 Arthling Trust: Giving a ‘New Life’,India Story Project,2026-07-17 04:35:16,Delhi,Culture,ac9da4d6-dad5-4fea-92b0-3a14274c4cb2,Published,No
A missionary for conserving groundwater,India Story Project,2026-07-16 11:14:00,Assam,Heritage,0c1e6d04-1dc5-42ff-b4fe-94a23cb49969,Published,No
A dropout who became a world champion,India Story Project,2026-07-16 10:13:19,Karnataka,Heritage,98c76223-a58f-4841-9524-d3f16da23a97,Published,No
A developing sports headline from Haryana,India Story Project,2026-07-16 09:45:25,Haryana,Heritage,dceae395-9c16-4dbb-bc8d-662a10cc3690,Published,No
A cab service for the specially-abled,India Story Project,2026-07-16 09:36:33,Karnataka,Heritage,7e43312c-020d-4877-b3ac-8123beb0c723,Published,No
An 85-year-old son of the soil,India Story Project,2026-07-16 09:24:40,Andhra Pradesh,Heritage,5e94c5da-5f90-4771-9c5d-28e3ce24a683,Published,No
A church priest professing yoga,India Story Project,2026-07-16 09:11:22,Maharashtra,Heritage,8f0164ea-be06-4a81-93af-36dbfc9a0e24,Published,No
Two engineers prepared the history of the Golden Temple in the village.,India Story Project,2026-07-16 08:33:27,Jharkhand,Food,ded4abd6-84ca-4493-b617-29cdfe46ba40,Published,No
A change agent who lives by example,India Story Project,2026-07-16 08:27:55,Rajasthan,Heritage,cdd8fa90-8770-48fb-83de-828b60f7cbe7,Published,No
A Bureaucrat Helping Survive Tribal Artform,India Story Project,2026-07-16 07:56:46,Jharkhand,Heritage,1854569d-692b-4e71-aa8e-d7a0f9bf33da,Published,No
A 126-Year-Old Young Yogi,India Story Project,2026-07-16 03:50:31,West Bengal,Heritage,497159ae-783f-4a95-8f07-11cba3313e53,Published,No